{
    "rmse": 0.826466085953598,
    "mae": 0.667877082972302,
    "r2": 0.02455938916775735
}