{
    "rmse": 0.8213181593935922,
    "mae": 0.6609752806267946,
    "r2": 0.01663541827372994
}