{
    "rmse": 0.8227679258613388,
    "mae": 0.6715234279210542,
    "r2": 0.00950581547322682
}