{
    "rmse": 0.7970234850479365,
    "mae": 0.6598219750612117,
    "r2": 0.018080883047470242
}